{"max": [0.0852869, -0.0202134, -0.263916], "centroid": [0.009476813453287193, -0.06044288685121101, -0.33972591003460173], "id": "db180e4f9a75ae717ba6f8f10959534c", "numVertices": 289, "min": [-0.0663333, -0.0934403, -0.415536]}
